-- phpMyAdmin SQL Dump
-- version 5.2.1
-- https://www.phpmyadmin.net/
--
-- Host: 127.0.0.1
-- Generation Time: Feb 19, 2024 at 04:44 AM
-- Server version: 10.4.32-MariaDB
-- PHP Version: 8.2.12

SET SQL_MODE = "NO_AUTO_VALUE_ON_ZERO";
START TRANSACTION;
SET time_zone = "+00:00";


/*!40101 SET @OLD_CHARACTER_SET_CLIENT=@@CHARACTER_SET_CLIENT */;
/*!40101 SET @OLD_CHARACTER_SET_RESULTS=@@CHARACTER_SET_RESULTS */;
/*!40101 SET @OLD_COLLATION_CONNECTION=@@COLLATION_CONNECTION */;
/*!40101 SET NAMES utf8mb4 */;

--
-- Database: `lockmydb`
--

-- --------------------------------------------------------

--
-- Table structure for table `auth_groups_users`
--

CREATE TABLE `auth_groups_users` (
  `id` int(11) UNSIGNED NOT NULL,
  `user_id` int(11) UNSIGNED NOT NULL,
  `group` varchar(255) NOT NULL,
  `created_at` datetime NOT NULL
) ENGINE=InnoDB DEFAULT CHARSET=utf8 COLLATE=utf8_general_ci;

--
-- Dumping data for table `auth_groups_users`
--

INSERT INTO `auth_groups_users` (`id`, `user_id`, `group`, `created_at`) VALUES
(1, 1, 'user', '2024-01-21 19:12:38'),
(2, 2, 'user', '2024-01-27 20:04:11');

-- --------------------------------------------------------

--
-- Table structure for table `auth_identities`
--

CREATE TABLE `auth_identities` (
  `id` int(11) UNSIGNED NOT NULL,
  `user_id` int(11) UNSIGNED NOT NULL,
  `type` varchar(255) NOT NULL,
  `name` varchar(255) DEFAULT NULL,
  `secret` varchar(255) NOT NULL,
  `secret2` varchar(255) DEFAULT NULL,
  `expires` datetime DEFAULT NULL,
  `extra` text DEFAULT NULL,
  `force_reset` tinyint(1) NOT NULL DEFAULT 0,
  `last_used_at` datetime DEFAULT NULL,
  `created_at` datetime DEFAULT NULL,
  `updated_at` datetime DEFAULT NULL
) ENGINE=InnoDB DEFAULT CHARSET=utf8 COLLATE=utf8_general_ci;

--
-- Dumping data for table `auth_identities`
--

INSERT INTO `auth_identities` (`id`, `user_id`, `type`, `name`, `secret`, `secret2`, `expires`, `extra`, `force_reset`, `last_used_at`, `created_at`, `updated_at`) VALUES
(1, 1, 'email_password', NULL, 'LAVAHASIF@GMAIL.COM', '$2y$12$48ZTmzk9rN0ytbFZies0EOu8JImEwq62CCRSk5pIBsGAcG36ANxBG', NULL, NULL, 0, '2024-02-18 08:51:02', '2024-01-21 19:12:38', '2024-02-18 08:51:02'),
(2, 2, 'email_password', NULL, 'asifvengad@gmail.com', '$2y$12$zm9b9Ub23LB77zRrbbd7V.bbDduqeKxWHKKNRp0T.earmD7HK3Hx6', NULL, NULL, 0, '2024-01-28 06:46:29', '2024-01-27 20:04:11', '2024-01-28 06:46:29');

-- --------------------------------------------------------

--
-- Table structure for table `auth_logins`
--

CREATE TABLE `auth_logins` (
  `id` int(11) UNSIGNED NOT NULL,
  `ip_address` varchar(255) NOT NULL,
  `user_agent` varchar(255) DEFAULT NULL,
  `id_type` varchar(255) NOT NULL,
  `identifier` varchar(255) NOT NULL,
  `user_id` int(11) UNSIGNED DEFAULT NULL,
  `date` datetime NOT NULL,
  `success` tinyint(1) NOT NULL
) ENGINE=InnoDB DEFAULT CHARSET=utf8 COLLATE=utf8_general_ci;

--
-- Dumping data for table `auth_logins`
--

INSERT INTO `auth_logins` (`id`, `ip_address`, `user_agent`, `id_type`, `identifier`, `user_id`, `date`, `success`) VALUES
(1, '::1', 'Mozilla/5.0 (Windows NT 10.0; Win64; x64) AppleWebKit/537.36 (KHTML, like Gecko) Chrome/120.0.0.0 Safari/537.36 Edg/120.0.0.0', 'email_password', 'asifvengad@gmail.com', NULL, '2024-01-21 19:11:27', 0),
(2, '::1', 'Mozilla/5.0 (Windows NT 10.0; Win64; x64) AppleWebKit/537.36 (KHTML, like Gecko) Chrome/120.0.0.0 Safari/537.36 Edg/120.0.0.0', 'email_password', 'asifvengad@gmail.com', NULL, '2024-01-21 19:12:15', 0),
(3, '::1', 'Mozilla/5.0 (Windows NT 10.0; Win64; x64) AppleWebKit/537.36 (KHTML, like Gecko) Chrome/120.0.0.0 Safari/537.36 Edg/120.0.0.0', 'email_password', 'asif@gmail.com', NULL, '2024-01-21 19:13:04', 0),
(4, '::1', 'Mozilla/5.0 (Windows NT 10.0; Win64; x64) AppleWebKit/537.36 (KHTML, like Gecko) Chrome/120.0.0.0 Safari/537.36 Edg/120.0.0.0', 'email_password', 'asifvengad@gmail.com', NULL, '2024-01-21 20:47:32', 0),
(5, '::1', 'Mozilla/5.0 (Windows NT 10.0; Win64; x64) AppleWebKit/537.36 (KHTML, like Gecko) Chrome/120.0.0.0 Safari/537.36 Edg/120.0.0.0', 'email_password', 'lavahasi@gmail.com', NULL, '2024-01-21 20:47:43', 0),
(6, '::1', 'Mozilla/5.0 (Windows NT 10.0; Win64; x64) AppleWebKit/537.36 (KHTML, like Gecko) Chrome/120.0.0.0 Safari/537.36 Edg/120.0.0.0', 'email_password', 'lavahasif@gmail.com', 1, '2024-01-21 20:47:57', 1),
(7, '::1', 'Mozilla/5.0 (Windows NT 10.0; Win64; x64) AppleWebKit/537.36 (KHTML, like Gecko) Chrome/120.0.0.0 Safari/537.36 Edg/120.0.0.0', 'email_password', 'asifvengad@gmail.com', NULL, '2024-01-27 20:03:08', 0),
(8, '::1', 'Mozilla/5.0 (Windows NT 10.0; Win64; x64) AppleWebKit/537.36 (KHTML, like Gecko) Chrome/120.0.0.0 Safari/537.36 Edg/120.0.0.0', 'email_password', 'lavahasi@gmail.comn', NULL, '2024-01-27 20:03:24', 0),
(9, '::1', 'Mozilla/5.0 (Windows NT 10.0; Win64; x64) AppleWebKit/537.36 (KHTML, like Gecko) Chrome/120.0.0.0 Safari/537.36 Edg/120.0.0.0', 'email_password', 'lavahasi@gmail.comn', NULL, '2024-01-27 20:03:41', 0),
(10, '::1', 'Mozilla/5.0 (Windows NT 10.0; Win64; x64) AppleWebKit/537.36 (KHTML, like Gecko) Chrome/121.0.0.0 Safari/537.36 Edg/121.0.0.0', 'email_password', 'asifvengad@gmail.com', 2, '2024-01-28 06:46:29', 1),
(11, '::1', 'Mozilla/5.0 (Windows NT 10.0; Win64; x64) AppleWebKit/537.36 (KHTML, like Gecko) Chrome/121.0.0.0 Safari/537.36 Edg/121.0.0.0', 'email_password', 'lavahasi@gmail.comn', NULL, '2024-01-28 11:25:07', 0),
(12, '::1', 'Mozilla/5.0 (Windows NT 10.0; Win64; x64) AppleWebKit/537.36 (KHTML, like Gecko) Chrome/121.0.0.0 Safari/537.36 Edg/121.0.0.0', 'email_password', 'LAVAHASIF@GMAIL.COM', NULL, '2024-01-28 11:25:28', 0),
(13, '::1', 'Mozilla/5.0 (Windows NT 10.0; Win64; x64) AppleWebKit/537.36 (KHTML, like Gecko) Chrome/121.0.0.0 Safari/537.36 Edg/121.0.0.0', 'email_password', 'lavahasi@gmail.comn', NULL, '2024-01-28 11:25:43', 0),
(14, '::1', 'Mozilla/5.0 (Windows NT 10.0; Win64; x64) AppleWebKit/537.36 (KHTML, like Gecko) Chrome/121.0.0.0 Safari/537.36 Edg/121.0.0.0', 'email_password', 'LAVAHASIF@GMAIL.COM', 1, '2024-01-28 11:25:56', 1),
(15, '::1', 'Mozilla/5.0 (Windows NT 10.0; Win64; x64) AppleWebKit/537.36 (KHTML, like Gecko) Chrome/121.0.0.0 Safari/537.36 Edg/121.0.0.0', 'email_password', 'lavahasi@gmail.comn', NULL, '2024-01-30 18:59:35', 0),
(16, '::1', 'Mozilla/5.0 (Windows NT 10.0; Win64; x64) AppleWebKit/537.36 (KHTML, like Gecko) Chrome/121.0.0.0 Safari/537.36 Edg/121.0.0.0', 'email_password', 'lavahasi@gmail.comn', NULL, '2024-01-30 18:59:42', 0),
(17, '::1', 'Mozilla/5.0 (Windows NT 10.0; Win64; x64) AppleWebKit/537.36 (KHTML, like Gecko) Chrome/121.0.0.0 Safari/537.36 Edg/121.0.0.0', 'email_password', 'lavahasi@gmail.com', NULL, '2024-01-30 18:59:53', 0),
(18, '::1', 'Mozilla/5.0 (Windows NT 10.0; Win64; x64) AppleWebKit/537.36 (KHTML, like Gecko) Chrome/121.0.0.0 Safari/537.36 Edg/121.0.0.0', 'email_password', 'lavahasi@gmail.com', NULL, '2024-01-30 19:00:08', 0),
(19, '::1', 'Mozilla/5.0 (Windows NT 10.0; Win64; x64) AppleWebKit/537.36 (KHTML, like Gecko) Chrome/121.0.0.0 Safari/537.36 Edg/121.0.0.0', 'email_password', 'LAVAHASIF@GMAIL.COM', 1, '2024-01-30 19:00:54', 1),
(20, '::1', 'Mozilla/5.0 (Windows NT 10.0; Win64; x64) AppleWebKit/537.36 (KHTML, like Gecko) Chrome/121.0.0.0 Safari/537.36 Edg/121.0.0.0', 'email_password', 'LAVAHASIF@GMAIL.COM', NULL, '2024-02-01 17:46:16', 0),
(21, '::1', 'Mozilla/5.0 (Windows NT 10.0; Win64; x64) AppleWebKit/537.36 (KHTML, like Gecko) Chrome/121.0.0.0 Safari/537.36 Edg/121.0.0.0', 'email_password', 'LAVAHASIF@GMAIL.COM', 1, '2024-02-01 17:46:23', 1),
(22, '::1', 'Mozilla/5.0 (Windows NT 10.0; Win64; x64) AppleWebKit/537.36 (KHTML, like Gecko) Chrome/121.0.0.0 Safari/537.36 Edg/121.0.0.0', 'email_password', 'LAVAHASIF@GMAIL.COM', 1, '2024-02-02 20:55:15', 1),
(23, '::1', 'Mozilla/5.0 (Windows NT 10.0; Win64; x64) AppleWebKit/537.36 (KHTML, like Gecko) Chrome/121.0.0.0 Safari/537.36 Edg/121.0.0.0', 'email_password', 'asifvengad@gmail.com', NULL, '2024-02-04 18:35:46', 0),
(24, '::1', 'Mozilla/5.0 (Windows NT 10.0; Win64; x64) AppleWebKit/537.36 (KHTML, like Gecko) Chrome/121.0.0.0 Safari/537.36 Edg/121.0.0.0', 'email_password', 'LAVAHASIF@GMAIL.COM', 1, '2024-02-08 02:30:05', 1),
(25, '::1', 'Mozilla/5.0 (Windows NT 10.0; Win64; x64) AppleWebKit/537.36 (KHTML, like Gecko) Chrome/121.0.0.0 Safari/537.36 Edg/121.0.0.0', 'email_password', 'asifvengad@gmail.com', NULL, '2024-02-10 19:08:48', 0),
(26, '::1', 'Mozilla/5.0 (Windows NT 10.0; Win64; x64) AppleWebKit/537.36 (KHTML, like Gecko) Chrome/121.0.0.0 Safari/537.36 Edg/121.0.0.0', 'email_password', 'LAVAHASIF@GMAIL.COM', 1, '2024-02-10 19:08:51', 1),
(27, '::1', 'Mozilla/5.0 (Windows NT 10.0; Win64; x64) AppleWebKit/537.36 (KHTML, like Gecko) Chrome/121.0.0.0 Safari/537.36 Edg/121.0.0.0', 'email_password', 'LAVAHASIF@GMAIL.COM', 1, '2024-02-18 08:51:02', 1);

-- --------------------------------------------------------

--
-- Table structure for table `auth_permissions_users`
--

CREATE TABLE `auth_permissions_users` (
  `id` int(11) UNSIGNED NOT NULL,
  `user_id` int(11) UNSIGNED NOT NULL,
  `permission` varchar(255) NOT NULL,
  `created_at` datetime NOT NULL
) ENGINE=InnoDB DEFAULT CHARSET=utf8 COLLATE=utf8_general_ci;

-- --------------------------------------------------------

--
-- Table structure for table `auth_remember_tokens`
--

CREATE TABLE `auth_remember_tokens` (
  `id` int(11) UNSIGNED NOT NULL,
  `selector` varchar(255) NOT NULL,
  `hashedValidator` varchar(255) NOT NULL,
  `user_id` int(11) UNSIGNED NOT NULL,
  `expires` datetime NOT NULL,
  `created_at` datetime NOT NULL,
  `updated_at` datetime NOT NULL
) ENGINE=InnoDB DEFAULT CHARSET=utf8 COLLATE=utf8_general_ci;

-- --------------------------------------------------------

--
-- Table structure for table `auth_token_logins`
--

CREATE TABLE `auth_token_logins` (
  `id` int(11) UNSIGNED NOT NULL,
  `ip_address` varchar(255) NOT NULL,
  `user_agent` varchar(255) DEFAULT NULL,
  `id_type` varchar(255) NOT NULL,
  `identifier` varchar(255) NOT NULL,
  `user_id` int(11) UNSIGNED DEFAULT NULL,
  `date` datetime NOT NULL,
  `success` tinyint(1) NOT NULL
) ENGINE=InnoDB DEFAULT CHARSET=utf8 COLLATE=utf8_general_ci;

-- --------------------------------------------------------

--
-- Table structure for table `lockingtypes`
--

CREATE TABLE `lockingtypes` (
  `id` int(5) UNSIGNED NOT NULL,
  `lock_reason` varchar(255) NOT NULL,
  `is_active` tinyint(1) NOT NULL DEFAULT 1,
  `delete` tinyint(1) NOT NULL DEFAULT 0,
  `created_at` datetime DEFAULT NULL,
  `updated_at` datetime DEFAULT NULL,
  `deleted_at` datetime DEFAULT NULL
) ENGINE=InnoDB DEFAULT CHARSET=utf8 COLLATE=utf8_general_ci;

--
-- Dumping data for table `lockingtypes`
--

INSERT INTO `lockingtypes` (`id`, `lock_reason`, `is_active`, `delete`, `created_at`, `updated_at`, `deleted_at`) VALUES
(1, 'Lunch Break', 1, 0, '2024-02-02 19:55:21', NULL, NULL),
(2, 'Collaboration Meeting', 1, 0, '2024-02-02 19:55:21', NULL, NULL),
(3, 'Training', 1, 0, '2024-02-02 19:55:21', NULL, NULL),
(4, 'Team Meeting', 1, 0, '2024-02-02 19:55:21', NULL, NULL),
(5, 'PE Meeting', 1, 0, '2024-02-02 19:55:21', NULL, NULL),
(6, 'Board Meeting', 1, 0, '2024-02-02 19:55:21', NULL, NULL),
(7, 'Personal Break', 1, 0, '2024-02-02 19:55:21', NULL, NULL),
(8, 'Client Meeting', 1, 0, '2024-02-02 19:55:21', NULL, NULL),
(9, 'Meeting', 1, 0, '2024-02-02 19:55:21', NULL, NULL),
(10, '6', 1, 0, NULL, NULL, NULL);

-- --------------------------------------------------------

--
-- Table structure for table `migrations`
--

CREATE TABLE `migrations` (
  `id` bigint(20) UNSIGNED NOT NULL,
  `version` varchar(255) NOT NULL,
  `class` varchar(255) NOT NULL,
  `group` varchar(255) NOT NULL,
  `namespace` varchar(255) NOT NULL,
  `time` int(11) NOT NULL,
  `batch` int(11) UNSIGNED NOT NULL
) ENGINE=InnoDB DEFAULT CHARSET=utf8 COLLATE=utf8_general_ci;

--
-- Dumping data for table `migrations`
--

INSERT INTO `migrations` (`id`, `version`, `class`, `group`, `namespace`, `time`, `batch`) VALUES
(1, '2020-12-28-223112', 'CodeIgniter\\Shield\\Database\\Migrations\\CreateAuthTables', 'default', 'CodeIgniter\\Shield', 1705864112, 1),
(2, '2021-07-04-041948', 'CodeIgniter\\Settings\\Database\\Migrations\\CreateSettingsTable', 'default', 'CodeIgniter\\Settings', 1705864112, 1),
(3, '2021-11-14-143905', 'CodeIgniter\\Settings\\Database\\Migrations\\AddContextColumn', 'default', 'CodeIgniter\\Settings', 1705864112, 1),
(4, '2024-02-02-195024', 'App\\Database\\Migrations\\LockingTypes', 'default', 'App', 1706903460, 2);

-- --------------------------------------------------------

--
-- Table structure for table `settings`
--

CREATE TABLE `settings` (
  `id` int(9) NOT NULL,
  `class` varchar(255) NOT NULL,
  `key` varchar(255) NOT NULL,
  `value` text DEFAULT NULL,
  `type` varchar(31) NOT NULL DEFAULT 'string',
  `context` varchar(255) DEFAULT NULL,
  `created_at` datetime NOT NULL,
  `updated_at` datetime NOT NULL
) ENGINE=InnoDB DEFAULT CHARSET=utf8 COLLATE=utf8_general_ci;

-- --------------------------------------------------------

--
-- Table structure for table `users`
--

CREATE TABLE `users` (
  `id` int(11) UNSIGNED NOT NULL,
  `username` varchar(30) DEFAULT NULL,
  `status` varchar(255) DEFAULT NULL,
  `status_message` varchar(255) DEFAULT NULL,
  `active` tinyint(1) NOT NULL DEFAULT 0,
  `last_active` datetime DEFAULT NULL,
  `created_at` datetime DEFAULT NULL,
  `updated_at` datetime DEFAULT NULL,
  `deleted_at` datetime DEFAULT NULL
) ENGINE=InnoDB DEFAULT CHARSET=utf8 COLLATE=utf8_general_ci;

--
-- Dumping data for table `users`
--

INSERT INTO `users` (`id`, `username`, `status`, `status_message`, `active`, `last_active`, `created_at`, `updated_at`, `deleted_at`) VALUES
(1, 'asif', NULL, NULL, 1, NULL, '2024-01-21 19:12:37', '2024-01-21 19:12:38', NULL),
(2, 'asifs', NULL, NULL, 1, NULL, '2024-01-27 20:04:11', '2024-01-27 20:04:11', NULL);

--
-- Indexes for dumped tables
--

--
-- Indexes for table `auth_groups_users`
--
ALTER TABLE `auth_groups_users`
  ADD PRIMARY KEY (`id`),
  ADD KEY `auth_groups_users_user_id_foreign` (`user_id`);

--
-- Indexes for table `auth_identities`
--
ALTER TABLE `auth_identities`
  ADD PRIMARY KEY (`id`),
  ADD UNIQUE KEY `type_secret` (`type`,`secret`),
  ADD KEY `user_id` (`user_id`);

--
-- Indexes for table `auth_logins`
--
ALTER TABLE `auth_logins`
  ADD PRIMARY KEY (`id`),
  ADD KEY `id_type_identifier` (`id_type`,`identifier`),
  ADD KEY `user_id` (`user_id`);

--
-- Indexes for table `auth_permissions_users`
--
ALTER TABLE `auth_permissions_users`
  ADD PRIMARY KEY (`id`),
  ADD KEY `auth_permissions_users_user_id_foreign` (`user_id`);

--
-- Indexes for table `auth_remember_tokens`
--
ALTER TABLE `auth_remember_tokens`
  ADD PRIMARY KEY (`id`),
  ADD UNIQUE KEY `selector` (`selector`),
  ADD KEY `auth_remember_tokens_user_id_foreign` (`user_id`);

--
-- Indexes for table `auth_token_logins`
--
ALTER TABLE `auth_token_logins`
  ADD PRIMARY KEY (`id`),
  ADD KEY `id_type_identifier` (`id_type`,`identifier`),
  ADD KEY `user_id` (`user_id`);

--
-- Indexes for table `lockingtypes`
--
ALTER TABLE `lockingtypes`
  ADD PRIMARY KEY (`id`);

--
-- Indexes for table `migrations`
--
ALTER TABLE `migrations`
  ADD PRIMARY KEY (`id`);

--
-- Indexes for table `settings`
--
ALTER TABLE `settings`
  ADD PRIMARY KEY (`id`);

--
-- Indexes for table `users`
--
ALTER TABLE `users`
  ADD PRIMARY KEY (`id`),
  ADD UNIQUE KEY `username` (`username`);

--
-- AUTO_INCREMENT for dumped tables
--

--
-- AUTO_INCREMENT for table `auth_groups_users`
--
ALTER TABLE `auth_groups_users`
  MODIFY `id` int(11) UNSIGNED NOT NULL AUTO_INCREMENT, AUTO_INCREMENT=3;

--
-- AUTO_INCREMENT for table `auth_identities`
--
ALTER TABLE `auth_identities`
  MODIFY `id` int(11) UNSIGNED NOT NULL AUTO_INCREMENT, AUTO_INCREMENT=3;

--
-- AUTO_INCREMENT for table `auth_logins`
--
ALTER TABLE `auth_logins`
  MODIFY `id` int(11) UNSIGNED NOT NULL AUTO_INCREMENT, AUTO_INCREMENT=28;

--
-- AUTO_INCREMENT for table `auth_permissions_users`
--
ALTER TABLE `auth_permissions_users`
  MODIFY `id` int(11) UNSIGNED NOT NULL AUTO_INCREMENT;

--
-- AUTO_INCREMENT for table `auth_remember_tokens`
--
ALTER TABLE `auth_remember_tokens`
  MODIFY `id` int(11) UNSIGNED NOT NULL AUTO_INCREMENT;

--
-- AUTO_INCREMENT for table `auth_token_logins`
--
ALTER TABLE `auth_token_logins`
  MODIFY `id` int(11) UNSIGNED NOT NULL AUTO_INCREMENT;

--
-- AUTO_INCREMENT for table `lockingtypes`
--
ALTER TABLE `lockingtypes`
  MODIFY `id` int(5) UNSIGNED NOT NULL AUTO_INCREMENT, AUTO_INCREMENT=11;

--
-- AUTO_INCREMENT for table `migrations`
--
ALTER TABLE `migrations`
  MODIFY `id` bigint(20) UNSIGNED NOT NULL AUTO_INCREMENT, AUTO_INCREMENT=5;

--
-- AUTO_INCREMENT for table `settings`
--
ALTER TABLE `settings`
  MODIFY `id` int(9) NOT NULL AUTO_INCREMENT;

--
-- AUTO_INCREMENT for table `users`
--
ALTER TABLE `users`
  MODIFY `id` int(11) UNSIGNED NOT NULL AUTO_INCREMENT, AUTO_INCREMENT=3;

--
-- Constraints for dumped tables
--

--
-- Constraints for table `auth_groups_users`
--
ALTER TABLE `auth_groups_users`
  ADD CONSTRAINT `auth_groups_users_user_id_foreign` FOREIGN KEY (`user_id`) REFERENCES `users` (`id`) ON DELETE CASCADE;

--
-- Constraints for table `auth_identities`
--
ALTER TABLE `auth_identities`
  ADD CONSTRAINT `auth_identities_user_id_foreign` FOREIGN KEY (`user_id`) REFERENCES `users` (`id`) ON DELETE CASCADE;

--
-- Constraints for table `auth_permissions_users`
--
ALTER TABLE `auth_permissions_users`
  ADD CONSTRAINT `auth_permissions_users_user_id_foreign` FOREIGN KEY (`user_id`) REFERENCES `users` (`id`) ON DELETE CASCADE;

--
-- Constraints for table `auth_remember_tokens`
--
ALTER TABLE `auth_remember_tokens`
  ADD CONSTRAINT `auth_remember_tokens_user_id_foreign` FOREIGN KEY (`user_id`) REFERENCES `users` (`id`) ON DELETE CASCADE;
COMMIT;

/*!40101 SET CHARACTER_SET_CLIENT=@OLD_CHARACTER_SET_CLIENT */;
/*!40101 SET CHARACTER_SET_RESULTS=@OLD_CHARACTER_SET_RESULTS */;
/*!40101 SET COLLATION_CONNECTION=@OLD_COLLATION_CONNECTION */;
